{
  "refs": {
    "master": "47e52bb1da3ce84f3f830028d70d56b0"
  },
  "commits": {
    "b0a4df43adba704eaef6809ada25bc4a": {
      "op": [
        "insert",
        {
          "id": "heading:42c72d87e40f529dba27a9970c0a6ef3",
          "type": "heading",
          "data": {
            "content": "Why should I care?"
          }
        }
      ],
      "sha": "b0a4df43adba704eaef6809ada25bc4a"
    },
    "46d783ce5341c6318199e1390a3c51ba": {
      "op": [
        "insert",
        {
          "id": "text:cbf6ef358c308047e44081d8274a0ddb",
          "type": "text",
          "data": {
            "content": "Substance provides a flexible architecture, involving an extensible document format and protocol, collaborative features, an extensible editor as well as a digital hub for sharing documents."
          }
        }
      ],
      "sha": "46d783ce5341c6318199e1390a3c51ba",
      "parent": "b0a4df43adba704eaef6809ada25bc4a"
    },
    "658ab4f39359c98a2289c5ba0187d9d4": {
      "op": [
        "insert",
        {
          "id": "heading:9ff6e9be052283423f68296893009795",
          "type": "heading",
          "data": {
            "content": "Semantic Editing"
          }
        }
      ],
      "sha": "658ab4f39359c98a2289c5ba0187d9d4",
      "parent": "46d783ce5341c6318199e1390a3c51ba"
    },
    "b6eb7ff3b540e62ae284386b648f209b": {
      "op": [
        "insert",
        {
          "id": "text:b1995db9ead60c0cc8f259c31a0a545b",
          "type": "text",
          "data": {
            "content": "Unlike traditional word-processors, Substance focuses on content, by leaving the layout part to the system, not the user. Because of the absence of formatting utilities, it suggests structured, content-oriented writing."
          }
        }
      ],
      "sha": "b6eb7ff3b540e62ae284386b648f209b",
      "parent": "658ab4f39359c98a2289c5ba0187d9d4"
    },
    "76729a1c5c373614a0f0c2ecd02b0378": {
      "op": [
        "insert",
        {
          "id": "heading:d68039f628a4455eb6e76da97b6af53d",
          "type": "heading",
          "data": {
            "content": "Content is data"
          }
        }
      ],
      "sha": "76729a1c5c373614a0f0c2ecd02b0378",
      "parent": "b6eb7ff3b540e62ae284386b648f209b"
    },
    "5dde6e9b8f6c9c22876df0f67311093e": {
      "op": [
        "insert",
        {
          "id": "text:3f597457abb95dfa33877a42eec1fd8c",
          "type": "text",
          "data": {
            "content": "Substance considers content as data, which allows digital documents to be queried like a database. With little effort, you can take the Substance data format and display it your way. The possibilities range from powering your blog with your Substance documents to distributing them as eBooks or mobile-optimized versions."
          }
        }
      ],
      "sha": "5dde6e9b8f6c9c22876df0f67311093e",
      "parent": "76729a1c5c373614a0f0c2ecd02b0378"
    },
    "b2bc929ac27ea67e40416ab90e645614": {
      "op": [
        "insert",
        {
          "id": "heading:d0e612e01ea837a358f866ae3cfe6802",
          "type": "heading",
          "data": {
            "content": "Collaboration"
          }
        }
      ],
      "sha": "b2bc929ac27ea67e40416ab90e645614",
      "parent": "5dde6e9b8f6c9c22876df0f67311093e"
    },
    "c5be814e229ae63d92ff85309e65aaa9": {
      "op": [
        "insert",
        {
          "id": "text:cb00508ccaef5a835f94d4e9a0e7e5f3",
          "type": "text",
          "data": {
            "content": "Substance targets open collaboration. Everyone should be able to contribute to a document, without the hurdles. We claim that it is easier to reach quality if you publish early and provide an easy way for collaboration. With Substance users can annotate and comment on certain portions of the document."
          }
        }
      ],
      "sha": "c5be814e229ae63d92ff85309e65aaa9",
      "parent": "b2bc929ac27ea67e40416ab90e645614"
    },
    "5fb0410b2da21f15c8c1628be6f52b5b": {
      "op": [
        "insert",
        {
          "id": "heading:9e8fd5047f87cf5ee8f321c325c24ea4",
          "type": "heading",
          "data": {
            "content": "Extensible"
          }
        }
      ],
      "sha": "5fb0410b2da21f15c8c1628be6f52b5b",
      "parent": "c5be814e229ae63d92ff85309e65aaa9"
    },
    "86a70fc703a52add81f619798c0d3622": {
      "op": [
        "insert",
        {
          "id": "text:e5253deab62aad4b1842801d6baf8777",
          "type": "text",
          "data": {
            "content": "Since Substance exposes content as data, extensibility is a natural implication. Substance comes with a predfined set of element types. Out of the box you can choose from headings, text and images. However, it’s easy to implement your own element types, and use it with your tailored version of the Substance editor."
          }
        }
      ],
      "sha": "86a70fc703a52add81f619798c0d3622",
      "parent": "5fb0410b2da21f15c8c1628be6f52b5b"
    },
    "7d7541344232f6483308ab8bb20e43ea": {
      "op": [
        "set",
        {
          "abstract": ["Substance is an open platform for collaborative composition and sharing of digital documents."]
        }
      ],
      "sha": "7d7541344232f6483308ab8bb20e43ea",
      "parent": "86a70fc703a52add81f619798c0d3622"
    },
    "aee681a18d8f6ac42aff499569c81082": {
      "op": [
        "set",
        {
          "title": ["Substance"]
        }
      ],
      "sha": "aee681a18d8f6ac42aff499569c81082",
      "parent": "7d7541344232f6483308ab8bb20e43ea"
    },
    "aecbe3b7a088b4fdd7c60c70b735af76": {
      "op": [
        "insert_annotation",
        {
          "id": "annotation:7153fd89e24a8540e4734e1a7f74eca8",
          "type": "blur",
          "pos": [
            125,
            17
          ],
          "node": "text:cbf6ef358c308047e44081d8274a0ddb"
        }
      ],
      "sha": "aecbe3b7a088b4fdd7c60c70b735af76",
      "parent": "aee681a18d8f6ac42aff499569c81082"
    },
    "032117d18265e34c033bfb3cac829e47": {
      "op": [
        "insert_annotation",
        {
          "id": "annotation:c036ba4f50564cb0d40d6aeaeec5c8aa",
          "type": "idea",
          "pos": [
            68,
            28
          ],
          "node": "text:cbf6ef358c308047e44081d8274a0ddb"
        }
      ],
      "sha": "032117d18265e34c033bfb3cac829e47",
      "parent": "aecbe3b7a088b4fdd7c60c70b735af76"
    },
    "9446027b14ed2cbb2bdfa60eb7cc01ca": {
      "op": [
        "insert_comment",
        {
          "id": "comment:e7737de6a8512f695b64a6536e7e9bd6",
          "content": "We should add a link to the Substance Document documentation page.",
          "node": "text:cbf6ef358c308047e44081d8274a0ddb",
          "annotation": "annotation:c036ba4f50564cb0d40d6aeaeec5c8aa",
          "created_at": "2012-11-05T16:33:20.048Z",
          "user": "michael"
        }
      ],
      "sha": "9446027b14ed2cbb2bdfa60eb7cc01ca",
      "parent": "032117d18265e34c033bfb3cac829e47"
    },
    "723db1920c24608f41be8d29f6dd3b29": {
      "op": [
        "update",
        {
          "id": "text:b1995db9ead60c0cc8f259c31a0a545b",
          "data": [204, -1, 14]
        }
      ],
      "sha": "723db1920c24608f41be8d29f6dd3b29",
      "parent": "9446027b14ed2cbb2bdfa60eb7cc01ca"
    },
    "44e06a6edb102bd5ab297b6cab643e1e": {
      "op": [
        "insert_annotation",
        {
          "id": "annotation:31f465d92dd798a267252962d84a607d",
          "type": "doubt",
          "pos": [
            194,
            15
          ],
          "node": "text:b1995db9ead60c0cc8f259c31a0a545b"
        }
      ],
      "sha": "44e06a6edb102bd5ab297b6cab643e1e",
      "parent": "723db1920c24608f41be8d29f6dd3b29"
    },
    "a38700f5a9a98400c7e5d2d46648f67b": {
      "op": [
        "insert_comment",
        {
          "id": "comment:0bf13ff5c1f5a4f099d6c321166cefd2",
          "content": "There's a typo here. It must read \"content-oriented\".",
          "node": "text:b1995db9ead60c0cc8f259c31a0a545b",
          "annotation": "annotation:31f465d92dd798a267252962d84a607d",
          "created_at": "2012-11-05T16:50:20.984Z",
          "user": "michael"
        }
      ],
      "sha": "a38700f5a9a98400c7e5d2d46648f67b",
      "parent": "44e06a6edb102bd5ab297b6cab643e1e"
    },
    "9ef845f834b0d604c5c198e747e108f2": {
      "op": [
        "insert_annotation",
        {
          "id": "annotation:d689afc800c602d8bc34a55dc53af4d2",
          "type": "blur",
          "pos": [
            0,
            8
          ],
          "node": "heading:9ff6e9be052283423f68296893009795"
        }
      ],
      "sha": "9ef845f834b0d604c5c198e747e108f2",
      "parent": "a38700f5a9a98400c7e5d2d46648f67b"
    },
    "47e52bb1da3ce84f3f830028d70d56b0": {
      "op": [
        "insert_comment",
        {
          "id": "comment:86f9061b48b311a9a7d9669fbcecde9f",
          "content": "What does semantic mean in that context?",
          "node": "heading:9ff6e9be052283423f68296893009795",
          "annotation": "annotation:d689afc800c602d8bc34a55dc53af4d2",
          "created_at": "2012-11-05T18:17:13.146Z",
          "user": "wilma"
        }
      ],
      "sha": "47e52bb1da3ce84f3f830028d70d56b0",
      "parent": "9ef845f834b0d604c5c198e747e108f2"
    }
  },
  "id": "document:substance"
}